{"stats":{"minecraft:used":{"minecraft:birch_fence":22,"minecraft:green_concrete":25,"minecraft:diorite":1,"minecraft:sea_lantern":1,"minecraft:writable_book":563,"minecraft:sandstone_stairs":45,"minecraft:quartz_slab":4,"minecraft:smooth_quartz_slab":73,"minecraft:grass_block":7,"minecraft:light_gray_carpet":5,"minecraft:lime_wool":179,"minecraft:quartz_block":60,"minecraft:oak_sign":235,"minecraft:smooth_sandstone_slab":1,"minecraft:lectern":270,"minecraft:sandstone":45,"minecraft:red_terracotta":26,"minecraft:smooth_quartz":48,"minecraft:quartz_stairs":8,"minecraft:gold_ore":1,"minecraft:smooth_quartz_stairs":81,"minecraft:fire_coral_block":2,"minecraft:diamond_sword":16,"minecraft:glowstone":39,"minecraft:magenta_wool":9,"minecraft:white_carpet":1,"minecraft:written_book":17,"minecraft:andesite":24,"minecraft:sandstone_slab":7,"minecraft:yellow_concrete":19,"minecraft:white_concrete":14,"minecraft:polished_diorite":1,"minecraft:gray_stained_glass":18},"minecraft:killed":{"minecraft:zombie":1,"minecraft:creeper":1,"minecraft:enderman":2},"minecraft:custom":{"minecraft:time_since_rest":647604,"minecraft:sprint_one_cm":107,"minecraft:walk_one_cm":72406,"minecraft:mob_kills":4,"minecraft:drop":12,"minecraft:damage_dealt":1352,"minecraft:fly_one_cm":7013428,"minecraft:open_chest":4,"minecraft:crouch_one_cm":1480,"minecraft:play_one_minute":647604,"minecraft:sneak_time":16656,"minecraft:walk_under_water_one_cm":1077,"minecraft:interact_with_lectern":198,"minecraft:jump":157,"minecraft:leave_game":25,"minecraft:walk_on_water_one_cm":2338,"minecraft:time_since_death":647604},"minecraft:picked_up":{"minecraft:lime_wool":2,"minecraft:oak_sign":5,"minecraft:writable_book":22,"minecraft:written_book":28,"minecraft:lectern":1,"minecraft:ender_pearl":1},"minecraft:dropped":{"minecraft:lime_wool":3,"minecraft:white_carpet":1,"minecraft:writable_book":4,"minecraft:oak_sign":3,"minecraft:lectern":1}},"DataVersion":1976}