{"stats":{"minecraft:used":{"minecraft:music_disc_far":1,"minecraft:writable_book":64,"minecraft:sandstone_stairs":22,"minecraft:quartz_slab":14,"minecraft:smooth_quartz_slab":21,"minecraft:bone_block":1,"minecraft:quartz_block":57,"minecraft:stone_button":2,"minecraft:oak_sign":5,"minecraft:light_gray_carpet":7,"minecraft:music_disc_chirp":1,"minecraft:lectern":35,"minecraft:chest":5,"minecraft:sandstone":36,"minecraft:cut_sandstone":2,"minecraft:quartz_stairs":49,"minecraft:music_disc_blocks":2,"minecraft:diamond_sword":7,"minecraft:glowstone":10,"minecraft:music_disc_cat":1,"minecraft:white_carpet":1,"minecraft:written_book":42,"minecraft:white_concrete":8,"minecraft:music_disc_13":1,"minecraft:polished_diorite":16},"minecraft:dropped":{"minecraft:quartz_slab":1},"minecraft:picked_up":{"minecraft:feather":2,"minecraft:music_disc_blocks":2,"minecraft:chicken":1,"minecraft:music_disc_13":1,"minecraft:porkchop":4,"minecraft:music_disc_cat":1,"minecraft:music_disc_far":1,"minecraft:written_book":2,"minecraft:music_disc_chirp":1},"minecraft:killed":{"minecraft:pig":3,"minecraft:chicken":1},"minecraft:custom":{"minecraft:time_since_rest":118931,"minecraft:sprint_one_cm":3552,"minecraft:walk_one_cm":41413,"minecraft:mob_kills":4,"minecraft:drop":1,"minecraft:damage_dealt":340,"minecraft:play_record":6,"minecraft:fly_one_cm":1535928,"minecraft:open_chest":5,"minecraft:crouch_one_cm":1360,"minecraft:play_one_minute":151987,"minecraft:deaths":1,"minecraft:sneak_time":1734,"minecraft:interact_with_lectern":16,"minecraft:jump":63,"minecraft:leave_game":5,"minecraft:walk_on_water_one_cm":9292,"minecraft:time_since_death":118899}},"DataVersion":1976}