{"stats":{"minecraft:used":{"minecraft:light_blue_terracotta":4,"minecraft:gold_block":70,"minecraft:smooth_sandstone":506,"minecraft:oak_sign":4,"minecraft:smooth_sandstone_slab":36,"minecraft:cyan_terracotta":4,"minecraft:cut_sandstone":41,"minecraft:light_gray_stained_glass":1,"minecraft:chiseled_sandstone":8,"minecraft:smooth_sandstone_stairs":292},"minecraft:picked_up":{"minecraft:bone_block":1},"minecraft:custom":{"minecraft:jump":80,"minecraft:time_since_rest":56070,"minecraft:crouch_one_cm":3434,"minecraft:play_one_minute":56070,"minecraft:leave_game":2,"minecraft:sprint_one_cm":12044,"minecraft:time_since_death":56070,"minecraft:walk_one_cm":18988,"minecraft:sneak_time":1728,"minecraft:fly_one_cm":338243}},"DataVersion":2230}