{"stats":{"minecraft:used":{"minecraft:iron_ore":8,"minecraft:iron_bars":43,"minecraft:blue_terracotta":25,"minecraft:diorite":7,"minecraft:end_rod":351,"minecraft:writable_book":5,"minecraft:end_stone_bricks":435,"minecraft:wither_skeleton_skull":6,"minecraft:flint_and_steel":12,"minecraft:light_gray_stained_glass_pane":4,"minecraft:snow_block":1,"minecraft:gray_carpet":81,"minecraft:armor_stand":18,"minecraft:smooth_quartz_slab":360,"minecraft:red_stained_glass":1,"minecraft:red_concrete":68,"minecraft:spruce_slab":2,"minecraft:polished_andesite":6,"minecraft:bone_block":98,"minecraft:oak_sign":30,"minecraft:light_gray_carpet":29,"minecraft:blue_wool":561,"minecraft:andesite_slab":83,"minecraft:spruce_planks":3,"minecraft:chest":15,"minecraft:white_terracotta":78,"minecraft:ender_chest":1,"minecraft:stone":232,"minecraft:cut_sandstone":737,"minecraft:wither_skeleton_spawn_egg":1,"minecraft:end_stone_brick_slab":70,"minecraft:clay":8,"minecraft:beacon":4,"minecraft:quartz_stairs":556,"minecraft:green_bed":7,"minecraft:player_head":1,"minecraft:dried_kelp_block":16,"minecraft:smooth_quartz_stairs":8,"minecraft:white_wool":495,"minecraft:torch":201,"minecraft:end_stone_brick_wall":33,"minecraft:diamond_block":21,"minecraft:anvil":2,"minecraft:skeleton_spawn_egg":1,"minecraft:white_carpet":4,"minecraft:cut_sandstone_slab":23,"minecraft:tnt":106,"minecraft:blue_stained_glass":3,"minecraft:brick_slab":21,"minecraft:light_gray_terracotta":2,"minecraft:yellow_concrete":36,"minecraft:campfire":6,"minecraft:light_gray_concrete_powder":1,"minecraft:chiseled_quartz_block":63,"minecraft:gray_concrete":74,"minecraft:painting":34,"minecraft:spruce_fence":127,"minecraft:end_stone":3,"minecraft:blue_concrete":229,"minecraft:obsidian":117,"minecraft:polished_diorite":38,"minecraft:redstone_torch":6,"minecraft:glass":301,"minecraft:dark_oak_planks":392,"minecraft:lava_bucket":1,"minecraft:black_concrete":63,"minecraft:sea_lantern":114,"minecraft:cyan_terracotta":25,"minecraft:black_stained_glass_pane":15,"minecraft:diamond_shovel":4,"minecraft:bricks":14,"minecraft:quartz_pillar":50,"minecraft:light_gray_stained_glass":12,"minecraft:chiseled_sandstone":18,"minecraft:yellow_stained_glass":1,"minecraft:command_block":2,"minecraft:quartz_slab":216,"minecraft:red_wool":438,"minecraft:light_weighted_pressure_plate":2,"minecraft:iron_block":113,"minecraft:grass_block":10,"minecraft:stone_button":1,"minecraft:smooth_sandstone":15,"minecraft:brick_stairs":420,"minecraft:polished_andesite_stairs":12,"minecraft:quartz_block":423,"minecraft:spawner":2,"minecraft:lectern":11,"minecraft:white_glazed_terracotta":95,"minecraft:stone_slab":286,"minecraft:red_terracotta":30,"minecraft:music_disc_wait":2,"minecraft:blue_banner":2,"minecraft:stone_brick_stairs":32,"minecraft:stone_bricks":6,"minecraft:music_disc_stal":1,"minecraft:item_frame":49,"minecraft:granite_slab":1,"minecraft:diamond_sword":7,"minecraft:glowstone":150,"minecraft:red_carpet":26,"minecraft:cobblestone":16,"minecraft:bow":4,"minecraft:black_stained_glass":28,"minecraft:gray_glazed_terracotta":58,"minecraft:written_book":123,"minecraft:white_banner":8,"minecraft:white_stained_glass_pane":6,"minecraft:red_banner":3,"minecraft:white_stained_glass":1,"minecraft:andesite":42,"minecraft:gold_block":39,"minecraft:glass_pane":262,"minecraft:smooth_stone_slab":4,"minecraft:skeleton_skull":16,"minecraft:end_stone_brick_stairs":40,"minecraft:white_concrete":112,"minecraft:smooth_stone":6,"minecraft:jukebox":3,"minecraft:splash_potion":12,"minecraft:gray_stained_glass":39,"minecraft:green_stained_glass":1},"minecraft:dropped":{"minecraft:wooden_axe":1,"minecraft:bone_block":1,"minecraft:written_book":13},"minecraft:picked_up":{"minecraft:wooden_axe":1,"minecraft:music_disc_strad":1,"minecraft:sandstone_slab":6,"minecraft:stone_slab":1,"minecraft:dark_oak_boat":6,"minecraft:birch_planks":6,"minecraft:light_gray_concrete_powder":48,"minecraft:item_frame":1,"minecraft:red_carpet":7,"minecraft:oak_sign":1,"minecraft:gray_carpet":3,"minecraft:wheat_seeds":37,"minecraft:written_book":64,"minecraft:light_gray_wool":3,"minecraft:sandstone":10,"minecraft:torch":11,"minecraft:stone_button":1,"minecraft:red_banner":1,"minecraft:quartz_block":73,"minecraft:arrow":2,"minecraft:diamond":1,"minecraft:sandstone_stairs":4,"minecraft:painting":18,"minecraft:white_concrete":4,"minecraft:music_disc_wait":1,"minecraft:light_gray_carpet":1,"minecraft:bone_block":7,"minecraft:cobblestone":898},"minecraft:killed":{"minecraft:skeleton":1,"minecraft:zombie":1},"minecraft:custom":{"minecraft:interact_with_anvil":1,"minecraft:mob_kills":2,"minecraft:play_record":3,"minecraft:play_one_minute":836567,"minecraft:leave_game":30,"minecraft:time_since_death":40396,"minecraft:time_since_rest":40550,"minecraft:sprint_one_cm":315706,"minecraft:open_enderchest":1,"minecraft:walk_one_cm":1634691,"minecraft:drop":15,"minecraft:damage_dealt":468,"minecraft:interact_with_beacon":5,"minecraft:swim_one_cm":536,"minecraft:fly_one_cm":7570766,"minecraft:open_chest":14,"minecraft:crouch_one_cm":5037,"minecraft:sneak_time":15980,"minecraft:deaths":6,"minecraft:walk_under_water_one_cm":12004,"minecraft:interact_with_lectern":14,"minecraft:jump":1318,"minecraft:walk_on_water_one_cm":3825}},"DataVersion":2230}