{"stats":{"minecraft:picked_up":{"minecraft:music_disc_stal":1,"minecraft:lever":1,"minecraft:music_disc_wait":1},"minecraft:used":{"minecraft:andesite_wall":176,"minecraft:purple_stained_glass":64,"minecraft:glass":1,"minecraft:stone_brick_slab":189,"minecraft:lever":1,"minecraft:flower_pot":3,"minecraft:cyan_terracotta":3,"minecraft:coal_ore":2,"minecraft:light_gray_stained_glass":5,"minecraft:spruce_door":6,"minecraft:armor_stand":27,"minecraft:red_stained_glass":27,"minecraft:spruce_slab":15,"minecraft:polished_andesite":260,"minecraft:light_gray_carpet":1,"minecraft:ladder":5,"minecraft:quartz_block":13,"minecraft:jungle_log":4,"minecraft:andesite_slab":137,"minecraft:spruce_pressure_plate":2,"minecraft:spruce_planks":260,"minecraft:stone":77,"minecraft:polished_granite":2,"minecraft:stone_brick_stairs":244,"minecraft:stone_bricks":2784,"minecraft:dried_kelp_block":4,"minecraft:cobblestone":4,"minecraft:tnt":5,"minecraft:blue_stained_glass":49,"minecraft:cobblestone_wall":12,"minecraft:spruce_stairs":5,"minecraft:jungle_slab":4,"minecraft:white_stained_glass":4,"minecraft:andesite_stairs":272,"minecraft:andesite":422,"minecraft:gold_block":82,"minecraft:campfire":12,"minecraft:end_portal_frame":2,"minecraft:sea_pickle":6,"minecraft:gray_concrete":2,"minecraft:note_block":1,"minecraft:stripped_oak_log":3,"minecraft:stone_brick_wall":88,"minecraft:jungle_trapdoor":1,"minecraft:black_concrete_powder":8,"minecraft:granite":3,"minecraft:dark_oak_door":1,"minecraft:polished_diorite":156},"minecraft:custom":{"minecraft:time_since_rest":225568,"minecraft:sprint_one_cm":123707,"minecraft:walk_one_cm":155120,"minecraft:tune_noteblock":90,"minecraft:fly_one_cm":3315846,"minecraft:open_chest":3,"minecraft:crouch_one_cm":1268,"minecraft:play_one_minute":225568,"minecraft:sneak_time":9575,"minecraft:jump":1142,"minecraft:leave_game":2,"minecraft:time_since_death":225568}},"DataVersion":2230}