{"stats":{"minecraft:picked_up":{"minecraft:music_disc_strad":2},"minecraft:used":{"minecraft:stone_bricks":23,"minecraft:dried_kelp_block":5,"minecraft:bee_spawn_egg":10,"minecraft:water_bucket":54,"minecraft:end_rod":1,"minecraft:sea_lantern":20,"minecraft:end_stone_bricks":1948,"minecraft:soul_sand":5,"minecraft:anvil":5,"minecraft:chiseled_sandstone":299,"minecraft:written_book":3,"minecraft:light_gray_concrete":314,"minecraft:grindstone":2,"minecraft:grass_block":344,"minecraft:nether_bricks":904,"minecraft:yellow_concrete":8,"minecraft:campfire":4,"minecraft:bucket":2,"minecraft:gold_block":22,"minecraft:light_gray_concrete_powder":2,"minecraft:note_block":2,"minecraft:stripped_oak_log":13,"minecraft:gray_concrete":17,"minecraft:black_concrete_powder":8,"minecraft:end_stone_brick_slab":4,"minecraft:jukebox":4,"minecraft:music_disc_strad":3},"minecraft:custom":{"minecraft:time_since_rest":191471,"minecraft:play_one_minute":191471,"minecraft:sprint_one_cm":15788,"minecraft:walk_one_cm":398587,"minecraft:interact_with_anvil":1,"minecraft:jump":702,"minecraft:leave_game":2,"minecraft:play_record":3,"minecraft:walk_on_water_one_cm":1610,"minecraft:time_since_death":191471,"minecraft:fly_one_cm":709946}},"DataVersion":2230}